phase,item,status,return_code,evidence,notes
inventory,repository and machine identity,PASS,0,CAMPAIGN_STATUS.md,"Kali 7.0.12+kali-amd64; commit 68295dc134774c7699764b3234e40ac7c764cc5c"
capability,benchmarks/real-machine/sanity_check.sh,PASS,0,"terminal output; COMMANDS.log","sched_ext, BPF/JIT, BTF, disk and required tools passed"
capability,kernel/sched_ext/scripts/check_kernel_config.sh,PASS,0,"terminal output; COMMANDS.log","required configs passed"
userspace,make clean,PASS,0,COMMANDS.log,"normal demo cleanup only"
userspace,make,PASS,0,COMMANDS.log,"existing demo compiled with warnings as errors"
userspace,make check,PASS,0,COMMANDS.log,"syntax and static checks passed"
userspace,make test initial,PASS,0,"terminal output; COMMANDS.log","complete first direct run passed"
userspace,make test captured repeat 1,INTERMITTENT_FAILURE,2,"test-run/test-result.json","signal-stop timeout teardown observed exit 137; preserved"
userspace,integration reruns,REPEATED_PASS,0,COMMANDS.log,"three sequential existing integration runs passed"
userspace,make test captured repeat 2,PASS,0,"test-run-2/test-result.json","complete log, JSON, and integration CSVs preserved"
build,running-kernel BTF header,BUILT,0,build/vmlinux.h,"derived from current BTF; target-specific"
build,orchestra_bridge,BUILT,0,build/orchestra_bridge,"raw bpf(2) bridge; no scheduler state changed"
build,orchestra_loader,BUILT_WITH_PREP_INPUTS,0,build/orchestra_loader,"target must rebuild with matched libbpf development inputs"
build,fixed_work,BUILT,0,build/fixed_work,"existing source; long-lived single-process workload"
build,orchestra_scx_stage7.bpf.o,BLOCKED_KERNEL_SOURCE_MISMATCH,NA,REAL_WORLD_TEST_REPORT.md,"7.2.0-rc6 source available; running kernel is 7.0.12+kali-amd64"
runtime,sched_ext attach and unload,NOT_RUN,NA,CAMPAIGN_STATUS.md,"deferred to root-capable physical target"
runtime,ownership and canonical actions,NOT_RUN,NA,KALI_HANDOFF.md,"requires target-built BPF object and per-TID telemetry"
benchmark,stress/comparison/long-run,NOT_RUN,NA,CAMPAIGN_STATUS.md,"ownership gate and safety gate not run here"
