sha256	git_sha1	size_bytes	mode	restricted_redistribution	path
7635b569c99261d24dcf3c719600faf55fde5f197633e2e26322447f1d427219	007f3f0166a9a15a290b494739aae71d845c6caa	3209029	100644	False	CHI23_CrowdDKE.pptx
25c14dd49be84def904436afd4ac06ec5d04c94165109285aa2e71ce5dd878f9	ed7d98bdc1f7c2e7950628940d380c9eb52e9bbd	4715	100644	False	README.md
569adacaf36d9c1c76dfed5e38e0be2fc32497f0ac4990e4ecc16c3e1a09edfb	495a352991c7a8ba6f72279bff4787f301a7dedb	3835	100644	False	anonymous_data/README.md
7dec15417ea4d7ee6068dee84453e791057ec76c9dc0368e104f63fa756bafce	1689a46c5e4a7376f091f2f1b64761bffa30298b	50922	100644	True	anonymous_data/all_valid_data.csv
a0dfd0b85c8d5af145ce08530f289db26e41fa9994341a5ee30155d1e7f7f3a7	1b2934a232363518077753f7786872999743f047	26342	100644	True	anonymous_data/selected_samples.csv
9dd54548533cc027fdb1f8b24b545af4e2ba9e3fbffaf7cdd2da0a6fac47253c	3473705cd020bf73eff1a4ad8bac5deff6d4ba95	8264	100644	False	data_analysis/analysis_DKE_new.py
d738693d5f8b1f327f4b084397bee68095bed9619f4a49682cbd93554152c266	183aad2b53d76fc209e39b2d895db2a64d8faef5	12951	100644	False	data_analysis/analysis_H1_new.py
bfc27a5a50817be8f9aa7d49b0c991b4d2b7d49d5f734220318dca7b894a1807	e1c4db9ef9ccce1dfc87b477662ba2bebbd301c4	9525	100644	False	data_analysis/analysis_H2_new.py
96f27ed7cf67736506f9affcf7755a0cc7717fd3bb8926264bdaf85ceddbde5b	acb3b398248c5922321195687b026de7597f9168	26538	100644	False	data_analysis/analysis_H3_new.py
64bfb9d803ff316f2202072a90cef2d82988c901e75dd11b5c95e5011696f338	d265b8df6a924cfb9966b2499d5171fa751488c4	16922	100644	False	data_analysis/analysis_H4_new_anova.py
363fdbc301555c96d2735825baa9f281828eee8008d5502da76af49cb3e0b587	dbbe40a90ce555294d1610d7ba33bfa9505a736a	5455	100644	False	data_analysis/analysis_time_new.py
79351557956df5a18cfcd5cd20ddaca3ef3302bdd8f0de2e0efad255ffc695e8	e265d440d33a96898296cb5acb1c14f3c40840bd	15550	100644	False	data_analysis/analysis_trust_new.py
cfc9e254f245eed4704711bdcae9292f0ffb35277951429f3d7fe164f2f19013	d0546ad94bc1b312deb4a22e97831dabed36a842	7958	100644	False	data_analysis/descriptive_statistics_new.py
564852e5927d3782d8922ea65f76d2ede9441a8c7182dcaeee8d7c929f473342	1170af88b04c6ed9e3e2ff173cfeb3da6cf502ef	2568	100644	False	data_analysis/explanation_usefulness.py
e3d1f37f6104cff5782d966e3578507b2d2bb43fe2877dc39600784a1af22bcb	f8c13015cb9493e9cb6f753f22b801f2b71eda59	4185	100644	False	data_analysis/normal_distribution_analysis.py
c66b201746f9e4b2f8b4a6ded26fb00307b4cac0263a67f220fc3aec91bf5b1c	5386eb7a982973e5835d1ea5f39098e6fc59a487	23567	100644	False	data_analysis/util.py
b8caeb2a713b1026708bd7aeeab616916b9e5f2d108a6ed441c04a73e25a0a1f	876f336b0847d1435b9d909c777e3b5a9686b502	21329141	100644	False	explanation/Reclor_LogicFormer_span_importance.json
9a08ed0536f3430c52e2de22fa0b4dac25db49a6d351309708bae687e58c2d89	7a2ca0b39a1cf0da7802e510cac65cbebc1e85c7	24736	100644	False	explanation/code/Logiformer.py
88562734e3bb370632236dd450d3f1f3e2012a405d31c30d088ac0f5b320eb96	625da47bab3a3743123f5364d7b29927187dc2f6	30204	100644	False	explanation/code/Logiformer_explain.py
fab13daf36b53311bcbd93adee21c8cb99f0796b616ec81c89fe49f8fb001584	9f3dd723601e5c0f33bf086b67481e93684e1f07	325	100644	False	explanation/code/Readme.md
bd62b885cdab0ed8550f9b7af7a0a70f330db739f85b6f975f47edc2fd00df61	d45b0755134f0178a605533221fc640120d7dca5	970	100755	False	explanation/code/explain_logiformer.sh
d77dc8e1ff54cf8d54a55520797280b5afddab1fb7419b8db894fdde0ce8b75a	5f71b4ad7bb58536b5610dad54f89d33e9409dca	16679	100644	False	explanation/code/run_explain.py
c137babc4af5fcd625f6787cc842e2e072ad3961216d04ce32b183f86733f772	be1c5ebb56f260cff5e9f7fefb865f1a185c7ec7	976	100755	False	explanation/code/run_logiformer.sh
01783673d2628cf23a2a09e7924e300c2c4d73ec56edcfb241a72d334222379e	336278e63de4a2168ec01e9795551403a8a69067	13105	100644	False	explanation/code/run_multiple_choice.py
f39c3e4aac8f82b4664397815010e84210e8a258bb19826330e0c16fbfa772bd	a80e5fc514d840a650a07a8a8c8f0b736dd8c6b2	31714	100644	False	explanation/code/tokenization.py
14ec655a1e3f71dd715414f8b5340df1ebca6b814d81f12c2b9f78e225537b7b	be6dcb7a2d96c587a32f64b082e61a0e394aa7bc	11655	100644	False	explanation/code/util.py
886058fa776e9663b74853ecc9cbbd3098a207e74de8e05a9d2c27c3191888ef	8fabfe81a84d530a46cfc60d544a352c6b8ae009	14144	100644	False	explanation/code/utils_multiple_choice.py
