tick,cpu_now,cpu_pred,mem,thermal,directive,run,sleep,yield,migrate,throttle,S1,S2,S3,S4,Q
1,0.0000,0.0000,0.1437,0.1840,SLEEP,2,6,0,0,0,0.9800,0.7500,0.6506,0.7500,0.7739
2,0.2000,0.3400,0.1437,0.1853,RUN,5,2,1,0,0,0.6600,0.7500,0.4406,0.5000,0.5747
3,0.6160,0.9072,0.1437,0.2197,MIGRATE,0,0,4,4,0,0.3144,1.0000,0.5693,0.0000,0.0056
4,0.5748,0.5460,0.1437,0.2481,RUN,4,1,3,0,0,0.9141,0.8750,0.3946,0.2500,0.5300
5,0.7364,0.8496,0.1437,0.2872,MIGRATE,0,0,4,4,0,0.7214,1.0000,0.5693,0.2500,0.5661
6,0.5969,0.4992,0.1437,0.3120,RUN,4,2,2,0,0,0.7567,0.7500,0.3540,0.1250,0.3981
7,0.7165,0.8003,0.1436,0.3443,YIELD,0,0,6,2,0,0.7886,0.7500,0.6506,0.1250,0.4683
8,0.5354,0.4087,0.1436,0.3596,RUN,4,2,2,0,0,0.6902,0.7500,0.3540,0.1250,0.3890
9,0.7295,0.8654,0.1436,0.3892,MIGRATE,0,0,4,4,0,0.6695,1.0000,0.5693,0.1250,0.4672
10,0.5725,0.4626,0.1436,0.4039,RUN,4,2,2,0,0,0.7288,0.7500,0.3540,0.1250,0.3944
