name	version	archive_hashes	url
numpy	1.24.1	{"sha256": "b0677a52f5d896e84414761531947c7a330d1adc07c3a4372262f25d84af7bf7"}	https://files.pythonhosted.org/packages/3b/2b/75d7ed116b17202a89e6cf1eba7e91ba83abb79ece7924d5b2c820f59025/numpy-1.24.1-cp38-cp38-manylinux_2_17_x86_64.manylinux2014_x86_64.whl
pandas	1.5.3	{"sha256": "565fa34a5434d38e9d250af3c12ff931abaf88050551d9fbcdfafca50d62babf"}	https://files.pythonhosted.org/packages/54/a0/c62d63c5c69be9aae07836e4d7e25e7a6f5590be3d8f2d53f43eeec5c475/pandas-1.5.3-cp38-cp38-manylinux_2_17_x86_64.manylinux2014_x86_64.whl
scipy	1.10.0	{"sha256": "5cd7a30970c29d9768a7164f564d1fbf2842bfc77b7d114a99bc32703ce0bf48"}	https://files.pythonhosted.org/packages/d9/9c/ed263f84bb54ce0a4b0774f8ef21b45a70d54196a1b4bca9bb7a3c837437/scipy-1.10.0-cp38-cp38-manylinux_2_17_x86_64.manylinux2014_x86_64.whl
pingouin	0.5.3	{"sha256": "055fb0385ec9c426086e6a62bb1f5d7a7a8a1ed6ddc058c6f529a54f6316456b"}	https://files.pythonhosted.org/packages/27/bd/ea43fb929d1f20f9059fd8539eab06f4e1a5325b59854a10c5d88f62e37e/pingouin-0.5.3-py3-none-any.whl
statsmodels	0.13.5	{"sha256": "046251c939c51e7632bcc8c6d6f31b8ca0eaffdf726d2498463f8de3735c9a82"}	https://files.pythonhosted.org/packages/60/de/7cd008964ff647cdb6266079b0fc3029d220b546b6f8727866bef63b18e1/statsmodels-0.13.5-cp38-cp38-manylinux_2_17_x86_64.manylinux2014_x86_64.whl
matplotlib	3.6.3	{"sha256": "73b93af33634ed919e72811c9703e1105185cd3fb46d76f30b7f4cfbbd063f89"}	https://files.pythonhosted.org/packages/c4/49/80590115bcae4bd8ffb30fc52df459d785dd0f1542312c8c996b7206747c/matplotlib-3.6.3-cp38-cp38-manylinux_2_12_x86_64.manylinux2010_x86_64.whl
seaborn	0.12.2	{"sha256": "ebf15355a4dba46037dfd65b7350f014ceb1f13c05e814eda2c9f5fd731afc08"}	https://files.pythonhosted.org/packages/8f/2e/17bbb83fbf102687bb2aa3d808add39da820a7698159302a1a69bb82e01c/seaborn-0.12.2-py3-none-any.whl
scikit-learn	1.2.1	{"sha256": "5b2c5d9930ced2b7821ad936b9940706ccb5471d89b8a516bb641cec87257d1c"}	https://files.pythonhosted.org/packages/f0/95/0ea0a2412e33080a47ec02802210c008a7a540471581c95145f030d304b4/scikit_learn-1.2.1-cp38-cp38-manylinux_2_17_x86_64.manylinux2014_x86_64.whl
pandas-flavor	0.3.0	{"sha256": "af968da59cbc204c5a7c596b2a454e72b081494439dec3364f830792cf2f97b8"}	https://files.pythonhosted.org/packages/1b/83/086c0c5b96f3e6ba637ce08156420eddc1194e711fab934bdfe37e1ac0d7/pandas_flavor-0.3.0-py3-none-any.whl
joblib	1.2.0	{"sha256": "091138ed78f800342968c523bdde947e7a305b8594b910a0fea2ab83c3c6d385"}	https://files.pythonhosted.org/packages/91/d4/3b4c8e5a30604df4c7518c562d4bf0502f2fa29221459226e140cf846512/joblib-1.2.0-py3-none-any.whl
threadpoolctl	3.1.0	{"sha256": "8b99adda265feb6773280df41eece7b2e6561b772d21ffd52e372f999024907b"}	https://files.pythonhosted.org/packages/61/cf/6e354304bcb9c6413c4e02a747b600061c21d38ba51e7e544ac7bc66aecc/threadpoolctl-3.1.0-py3-none-any.whl
xarray	2023.1.0	{"sha256": "7e530b1deafdd43e5c2b577d0944e6b528fbe88045fd849e49a8d11871ecd522"}	https://files.pythonhosted.org/packages/b4/a7/897f484225bd8e179a4f39f8e9a4ca26c14e9f7055b495384b1d56e1382d/xarray-2023.1.0-py3-none-any.whl
lazy_loader	0.1rc2	{"sha256": "8b0481f5440f216b999e7c41349605d33654797d38a56e5f56b50d93e52f4337"}	https://files.pythonhosted.org/packages/99/f8/09d442a00d74099665317d43551b574354060d238978763537bfea6a7687/lazy_loader-0.1rc2-py3-none-any.whl
outdated	0.2.2	{"sha256": "3e9c2ee6d17e86ae8cc7bb71d70c4172690121cda367155a30994742172678c8"}	https://files.pythonhosted.org/packages/d3/04/7d2b9a0d1b81e30f39e6f358bac01f4f18b585f35b0ffc5c83fc274f146b/outdated-0.2.2-py2.py3-none-any.whl
littleutils	0.2.2	{"sha256": "e6cae3a4203e530d51c9667ed310ffe3b1948f2876e3d69605b3de4b7d96916f"}	https://files.pythonhosted.org/packages/4e/b1/bb4e06f010947d67349f863b6a2ad71577f85590180a935f60543f622652/littleutils-0.2.2.tar.gz
requests	2.28.2	{"sha256": "64299f4909223da747622c030b781c0d7811e359c37124b4bd368fb8c6518baa"}	https://files.pythonhosted.org/packages/d2/f4/274d1dbe96b41cf4e0efb70cbced278ffd61b5c7bb70338b62af94ccb25b/requests-2.28.2-py3-none-any.whl
tabulate	0.9.0	{"sha256": "024ca478df22e9340661486f85298cff5f6dcdba14f3813e8830015b9ed1948f"}	https://files.pythonhosted.org/packages/40/44/4a5f08c96eb108af5cb50b41f76142f0afa346dfa99d5296fe7202a11854/tabulate-0.9.0-py3-none-any.whl
packaging	23.0	{"sha256": "714ac14496c3e68c99c29b00845f7a2b85f3bb6f1078fd9f72fd20f0570002b2"}	https://files.pythonhosted.org/packages/ed/35/a31aed2993e398f6b09a790a181a7927eb14610ee8bbf02dc14d31677f1c/packaging-23.0-py3-none-any.whl
patsy	0.5.3	{"sha256": "7eb5349754ed6aa982af81f636479b1b8db9d5b1a6e957a6016ec0534b5c86b7"}	https://files.pythonhosted.org/packages/2a/e4/b3263b0e353f2be7b14f044d57874490c9cef1798a435f038683acea5c98/patsy-0.5.3-py2.py3-none-any.whl
python-dateutil	2.8.2	{"sha256": "961d03dc3453ebbc59dbdea9e4e11c5651520a876d0f4db161e8674aae935da9"}	https://files.pythonhosted.org/packages/36/7a/87837f39d0296e723bb9b62bbb257d0355c7f6128853c78955f57342a56d/python_dateutil-2.8.2-py2.py3-none-any.whl
pytz	2022.7.1	{"sha256": "78f4f37d8198e0627c5f1143240bb0206b8691d8d7ac6d78fee88b78733f8c4a"}	https://files.pythonhosted.org/packages/2e/09/fbd3c46dce130958ee8e0090f910f1fe39e502cc5ba0aadca1e8a2b932e5/pytz-2022.7.1-py2.py3-none-any.whl
six	1.16.0	{"sha256": "8abb2f1d86890a2dfb989f9a77cfcfd3e47c2a354b01111771326f8aa26e0254"}	https://files.pythonhosted.org/packages/d9/5a/e7c31adbe875f2abbb91bd84cf2dc52d792b5a01506781dbcf25c91daf11/six-1.16.0-py2.py3-none-any.whl
contourpy	1.0.7	{"sha256": "efb8f6d08ca7998cf59eaf50c9d60717f29a1a0a09caa46460d33b2924839dbd"}	https://files.pythonhosted.org/packages/8e/d2/38b3da76c0a654dac29f7768a870b930be9a0d35fb469acb86f8d0aaeb54/contourpy-1.0.7-cp38-cp38-manylinux_2_17_x86_64.manylinux2014_x86_64.whl
cycler	0.11.0	{"sha256": "3a27e95f763a428a739d2add979fa7494c912a32c17c4c38c4d5f082cad165a3"}	https://files.pythonhosted.org/packages/5c/f9/695d6bedebd747e5eb0fe8fad57b72fdf25411273a39791cde838d5a8f51/cycler-0.11.0-py3-none-any.whl
fonttools	4.38.0	{"sha256": "820466f43c8be8c3009aef8b87e785014133508f0de64ec469e4efb643ae54fb"}	https://files.pythonhosted.org/packages/e3/d9/e9bae85e84737e76ebbcbea13607236da0c0699baed0ae4f1151b728a608/fonttools-4.38.0-py3-none-any.whl
kiwisolver	1.4.4	{"sha256": "2e407cb4bd5a13984a6c2c0fe1845e4e41e96f183e5e5cd4d77a857d9693494c"}	https://files.pythonhosted.org/packages/86/7a/6b438da7534dacd232ed4e19f74f4edced2cda9494d7e6536f54edfdf4a5/kiwisolver-1.4.4-cp38-cp38-manylinux_2_5_x86_64.manylinux1_x86_64.whl
Pillow	9.4.0	{"sha256": "a96e6e23f2b79433390273eaf8cc94fec9c6370842e577ab10dabdcc7ea0a66b"}	https://files.pythonhosted.org/packages/77/ba/2f29a6b7224b3e81ddb4d755c66d311d7f3e7c97e40a7f6ccb628b118633/Pillow-9.4.0-cp38-cp38-manylinux_2_28_x86_64.whl
pyparsing	3.0.9	{"sha256": "5026bae9a10eeaefb61dab2f09052b9f4307d44aee4eda64b309723d8d206bbc"}	https://files.pythonhosted.org/packages/6c/10/a7d0fa5baea8fe7b50f448ab742f26f52b80bfca85ac2be9d35cdd9a3246/pyparsing-3.0.9-py3-none-any.whl
certifi	2022.12.7	{"sha256": "4ad3232f5e926d6718ec31cfc1fcadfde020920e278684144551c91769c7bc18"}	https://files.pythonhosted.org/packages/71/4c/3db2b8021bd6f2f0ceb0e088d6b2d49147671f25832fb17970e9b583d742/certifi-2022.12.7-py3-none-any.whl
charset-normalizer	3.0.1	{"sha256": "e696f0dd336161fca9adbb846875d40752e6eba585843c768935ba5c9960722b"}	https://files.pythonhosted.org/packages/20/a2/16b2cbf5f73bdd10624b94647b85c008ba25059792a5c7b4fdb8358bceeb/charset_normalizer-3.0.1-cp38-cp38-manylinux_2_17_x86_64.manylinux2014_x86_64.whl
idna	3.4	{"sha256": "90b77e79eaa3eba6de819a0c442c0b4ceefc341a7a2ab77d7562bf49f425c5c2"}	https://files.pythonhosted.org/packages/fc/34/3030de6f1370931b9dbb4dad48f6ab1015ab1d32447850b9fc94e60097be/idna-3.4-py3-none-any.whl
urllib3	1.26.14	{"sha256": "75edcdc2f7d85b137124a6c3c9fc3933cdeaa12ecb9a6a959f22797a0feca7e1"}	https://files.pythonhosted.org/packages/fe/ca/466766e20b767ddb9b951202542310cba37ea5f2d792dae7589f1741af58/urllib3-1.26.14-py2.py3-none-any.whl
