scheduler,trial,workers,iterations,elapsed_ms,ctx_before,ctx_after,ctx_delta,pids,notes
cfs,1,1,600000000,313,88795794,88800880,5086,371224;,completed
cfs,1,2,600000000,307,88800897,88805771,4874,371246;371247;,completed
cfs,1,4,600000000,305,88805785,88809867,4082,371253;371254;371255;371256;,completed
cfs,2,1,600000000,305,88809904,88814828,4924,371262;,completed
cfs,2,2,600000000,305,88814892,88819568,4676,371276;371277;,completed
cfs,2,4,600000000,309,88819585,88823891,4306,371283;371284;371285;371286;,completed
cfs,3,1,600000000,306,88823903,88827720,3817,371292;,completed
cfs,3,2,600000000,305,88827732,88832342,4610,371306;371307;,completed
cfs,3,4,600000000,308,88832363,88836664,4301,371313;371314;371315;371316;,completed
