tick,mode,cpu_now,cpu_pred,mem,thermal,directive,run,sleep,migrate,throttle,yield,S1,S2,S3,S4,Q,jitter_sigma,switch_penalty,consensus_blend,rejected_frames
1,orchestra,0.04000,0.03960,0.14100,0.19200,SLEEP,1,0,0,1,3,0.69768,0.00000,0.40956,0.00000,0.00100,0.00150,0.00000,0.00000,0
2,orchestra,0.31707,0.31430,0.14073,0.19825,RUN,1,1,1,2,0,0.08231,0.20000,0.17227,0.20000,0.15432,0.00150,0.00000,0.00000,0
3,orchestra,0.34211,0.34183,0.14073,0.20545,RUN,2,1,2,0,0,0.70021,0.40000,0.34454,0.20000,0.37273,0.00150,0.00000,0.00000,0
4,orchestra,0.47368,0.47237,0.14073,0.21886,RUN,2,2,0,1,0,0.27449,0.40000,0.34454,0.60000,0.38815,0.00150,0.00000,0.00000,0
5,orchestra,0.47222,0.47222,0.14073,0.23153,RUN,2,2,0,1,0,0.89816,0.40000,0.34454,0.40000,0.47171,0.00150,0.00000,0.00000,0
6,orchestra,0.40541,0.40607,0.14073,0.24022,RUN,0,0,1,1,3,0.54806,0.00000,0.40956,0.00000,0.00100,0.00150,0.00000,0.00000,0
7,orchestra,0.38462,0.38483,0.14073,0.24744,RUN,4,0,0,1,0,0.82438,0.80000,0.68908,0.00000,0.00100,0.00150,0.00000,0.00000,0
8,orchestra,0.58537,0.58336,0.14073,0.26434,RUN,3,0,2,0,0,0.16450,0.60000,0.58183,0.60000,0.43084,0.00150,0.00000,0.00000,0
9,orchestra,0.53846,0.53891,0.14073,0.27804,RUN,5,0,0,0,0,0.66758,1.00000,1.00000,0.60000,0.79554,0.00150,0.00000,0.00000,0
10,orchestra,0.50000,0.50039,0.14073,0.28914,RUN,4,1,0,0,0,0.70455,0.80000,0.68908,0.80000,0.74660,0.00150,0.00000,0.00000,0
11,orchestra,0.43590,0.43654,0.14073,0.29648,RUN,4,0,0,1,0,0.55966,0.80000,0.68908,0.80000,0.70485,0.00150,0.00000,0.00000,0
12,orchestra,0.38889,0.38937,0.14073,0.30110,RUN,5,0,0,0,0,0.65124,1.00000,1.00000,0.80000,0.84959,0.00150,0.00000,0.00000,0
13,orchestra,0.52500,0.52364,0.14073,0.31229,RUN,4,0,0,0,1,0.29502,0.80000,0.68908,0.80000,0.60059,0.00150,0.00000,0.00000,0
14,orchestra,0.52778,0.52774,0.14071,0.32307,RUN,3,1,1,0,0,0.96348,0.60000,0.40956,0.40000,0.55475,0.00150,0.00000,0.00000,0
15,orchestra,0.30556,0.30778,0.14071,0.32219,RUN,2,1,2,0,0,0.13539,0.40000,0.34454,0.60000,0.32528,0.00150,0.00000,0.00000,0
16,orchestra,0.44737,0.44597,0.14071,0.32845,RUN,4,0,1,0,0,0.25604,0.80000,0.68908,0.60000,0.53945,0.00150,0.00000,0.00000,0
17,orchestra,0.39474,0.39525,0.14071,0.33177,RUN,3,0,1,1,0,0.56709,0.60000,0.40956,0.60000,0.53774,0.00150,0.00000,0.00000,0
18,orchestra,0.36842,0.36869,0.14071,0.33360,RUN,4,0,0,1,0,0.78549,0.80000,0.68908,0.40000,0.64512,0.00150,0.00000,0.00000,0
19,orchestra,0.42105,0.42053,0.14042,0.33797,RUN,4,0,0,1,0,0.56136,0.80000,0.68908,0.80000,0.70538,0.00150,0.00000,0.00000,0
20,orchestra,0.41026,0.41036,0.14042,0.34159,RUN,4,1,0,0,0,0.91169,0.80000,0.68908,0.80000,0.79630,0.00433,0.00212,0.00141,0
21,orchestra,0.40541,0.40545,0.14042,0.34478,RUN,5,0,0,0,0,0.95640,1.00000,1.00000,0.80000,0.93526,0.00433,0.00212,0.00141,0
22,orchestra,0.37838,0.37865,0.14042,0.34646,RUN,2,2,0,0,1,0.78373,0.40000,0.34454,0.40000,0.45591,0.00433,0.00212,0.00141,0
23,orchestra,0.25641,0.25763,0.14042,0.34195,RUN,3,1,0,0,1,0.29931,0.60000,0.40956,0.40000,0.41416,0.00433,0.00212,0.00141,0
24,orchestra,0.28571,0.28543,0.14042,0.33914,RUN,5,0,0,0,0,0.77667,1.00000,1.00000,0.80000,0.88783,0.00433,0.00212,0.00141,0
25,orchestra,0.39474,0.39364,0.14042,0.34192,RUN,4,0,0,0,1,0.37391,0.80000,0.68908,0.80000,0.63724,0.00433,0.00212,0.00141,0
26,orchestra,0.41026,0.41009,0.14042,0.34534,RUN,4,0,0,0,1,0.86113,0.80000,0.68908,0.60000,0.73054,0.00433,0.00212,0.00141,0
27,orchestra,0.37838,0.37870,0.14042,0.34699,RUN,4,0,0,1,0,0.75171,0.80000,0.68908,0.60000,0.70614,0.00433,0.00212,0.00141,0
28,orchestra,0.28947,0.29037,0.14042,0.34411,RUN,4,1,0,0,0,0.44798,0.80000,0.68908,0.60000,0.62043,0.00433,0.00212,0.00141,0
29,orchestra,0.36842,0.36764,0.14042,0.34533,RUN,4,0,0,1,0,0.49535,0.80000,0.68908,0.60000,0.63622,0.00433,0.00212,0.00141,0
30,orchestra,0.39474,0.39447,0.14042,0.34780,RUN,4,0,0,1,0,0.78359,0.80000,0.68908,0.60000,0.71351,0.00433,0.00212,0.00141,0
31,orchestra,0.40541,0.40530,0.14042,0.35068,RUN,2,0,0,1,2,0.90624,0.40000,0.34454,0.40000,0.47277,0.00433,0.00212,0.00141,0
32,orchestra,0.36842,0.36879,0.14042,0.35157,RUN,2,0,1,1,1,0.71758,0.40000,0.17227,0.20000,0.31535,0.00433,0.00212,0.00141,0
33,orchestra,0.43243,0.43180,0.14029,0.35561,RUN,3,1,0,1,0,0.56395,0.60000,0.40956,0.40000,0.48523,0.00433,0.00212,0.00141,0
34,orchestra,0.41026,0.41047,0.14029,0.35834,RUN,2,1,1,1,0,0.82378,0.40000,0.17227,0.40000,0.38818,0.00433,0.00212,0.00141,0
35,orchestra,0.35897,0.35949,0.14029,0.35837,RUN,3,0,1,1,0,0.56575,0.60000,0.40956,0.80000,0.57749,0.00433,0.00212,0.00141,0
36,orchestra,0.47368,0.47254,0.14029,0.36414,RUN,3,1,1,0,0,0.35781,0.60000,0.40956,0.40000,0.43306,0.00433,0.00212,0.00141,0
37,orchestra,0.55556,0.55473,0.14029,0.37371,RUN,3,1,0,1,0,0.42603,0.60000,0.40956,0.40000,0.45237,0.00433,0.00212,0.00141,0
38,orchestra,0.48649,0.48717,0.14029,0.37935,RUN,4,0,0,1,0,0.48662,0.80000,0.68908,0.80000,0.68063,0.00433,0.00212,0.00141,0
39,orchestra,0.58537,0.58438,0.14029,0.38965,RUN,4,1,0,0,0,0.41322,0.80000,0.68908,0.80000,0.65337,0.00433,0.00212,0.00141,0
40,orchestra,0.55556,0.55584,0.14029,0.39795,RUN,3,0,1,1,0,0.77147,0.60000,0.40956,0.40000,0.52476,0.00664,0.00385,0.00257,0
41,orchestra,0.56757,0.56745,0.14029,0.40643,RUN,3,0,0,1,1,0.89986,0.60000,0.40956,0.40000,0.54535,0.00664,0.00385,0.00257,0
42,orchestra,0.45946,0.46054,0.14029,0.40908,RUN,3,0,1,1,0,0.34026,0.60000,0.40956,0.40000,0.42765,0.00664,0.00385,0.00257,0
